,time,x,y,theta,v,omega,x_force,y_force,z_force,x_torque,y_torque,z_torque
0,3.28,0,0.627,0.0664,0.00,0.000,0.6082,-0.1533,0.6860,0.0687,-0.0245,-0.0201
1,3.38,0,0.627,0.0704,-0.00,-0.041,-0.3801,-0.0766,1.2195,0.0535,-0.0445,-0.0031
2,3.47,0,0.628,0.0647,-0.00,0.060,0.3041,-0.0766,-0.0762,0.1680,-0.1012,0.0309
3,3.58,0,0.628,0.0668,-0.00,-0.019,-1.1403,1.0730,0.0762,0.3788,-0.0644,0.0170
4,3.68,0,0.629,0.0663,-0.01,0.005,-0.1520,2.5291,-2.2866,0.6996,0.0215,0.0588
5,3.78,0,0.630,0.0659,-0.01,0.004,-0.1520,1.3029,-4.1159,1.1364,0.1119,0.0387
6,3.87,0,0.630,0.0612,-0.01,0.047,-0.6082,2.5291,-6.0976,1.6679,0.1962,0.1871
7,3.97,0,0.630,0.0624,-0.00,-0.013,-0.1520,2.6824,-7.2409,1.9933,0.2284,0.1964
8,4.06,0,0.631,0.0676,-0.00,-0.053,0.1520,3.7554,-7.8506,2.2438,0.3020,0.2118
9,4.16,0,0.631,0.0670,-0.01,0.005,0.4561,2.6058,-8.4604,2.3431,0.3280,0.2180
10,4.27,0,0.632,0.0685,-0.01,-0.013,0.0000,2.2992,-9.4512,2.4133,0.3709,0.2180
11,4.37,0,0.632,0.0717,-0.01,-0.033,-0.1520,3.0656,-9.5274,2.4683,0.3679,0.1778
12,4.46,0,0.633,0.0741,-0.01,-0.025,1.0643,2.8357,-9.6799,2.5080,0.3909,0.1933
13,4.56,0,0.633,0.0754,-0.00,-0.012,0.3041,3.2189,-9.3750,2.5691,0.3863,0.1886
14,4.66,0,0.633,0.0762,-0.00,-0.004,1.0643,2.5291,-10.8232,2.7096,0.4231,0.1964
15,4.75,0,0.633,0.0727,-0.01,0.040,0.0760,3.2955,-10.8232,2.8104,0.3709,0.1716
16,4.85,0,0.633,0.0719,-0.00,0.011,-0.1520,2.6058,-12.3476,2.9785,0.3127,0.0989
17,4.96,0,0.633,0.0693,-0.00,0.026,0.6082,1.3795,-13.4146,3.0365,0.3004,0.0541
18,5.05,0,0.633,0.0691,-0.00,0.005,0.1520,2.5291,-11.5091,3.0503,0.2882,0.1314
19,5.15,0,0.633,0.0690,-0.01,0.004,0.0000,3.5254,-12.2713,3.0747,0.3418,0.2396
20,5.25,0,0.633,0.0711,0.00,-0.020,0.6082,2.9123,-13.1098,3.1052,0.4062,0.2999
21,5.34,0,0.633,0.0685,0.00,0.028,0.9123,3.1422,-13.7195,3.1373,0.4215,0.3108
22,5.44,0,0.632,0.0687,-0.00,0.001,1.2924,2.8357,-13.7957,3.1297,0.4093,0.2814
23,5.53,0,0.632,0.0668,0.01,0.022,-0.3041,5.0582,-10.3659,3.1679,0.4001,0.3247
24,5.63,0,0.632,0.0655,-0.00,0.015,-0.1520,6.4378,-10.5945,3.1740,0.4445,0.3680
25,5.73,0,0.631,0.0649,0.00,0.006,2.3567,3.6021,-14.2530,3.2885,0.4951,0.3015
26,5.82,0,0.632,0.0643,-0.00,0.007,0.0760,3.4488,-14.1006,3.3664,0.5518,0.3015
27,5.92,0,0.631,0.0660,0.00,-0.018,0.6082,4.5984,-14.4817,3.5283,0.6361,0.3185
28,6.01,0,0.631,0.0674,-0.00,-0.014,1.5965,4.9050,-14.4055,3.6123,0.7112,0.2938
29,6.11,0,0.632,0.0682,-0.00,-0.008,0.5322,6.7443,-13.3384,3.7727,0.7787,0.2427
30,6.21,0,0.632,0.0690,-0.00,-0.008,1.6725,3.4488,-17.1494,3.9209,0.9044,0.1778
31,6.30,0,0.632,0.0696,0.00,-0.004,1.5205,4.2152,-17.0732,3.9942,0.9687,0.2829
32,6.40,0,0.632,0.0670,-0.00,0.027,2.3567,5.7480,-17.8354,4.1103,1.1189,0.4762
33,6.49,0,0.633,0.0701,-0.00,-0.030,2.8128,7.0509,-17.1494,4.2386,1.2094,0.5550
34,6.59,0,0.633,0.0694,-0.00,0.008,2.6608,6.2078,-17.6829,4.2951,1.1757,0.4205
35,6.69,0,0.633,0.0712,-0.01,-0.015,2.2047,5.3648,-18.3689,4.2004,1.1757,0.4051
36,6.78,0,0.632,0.0603,0.01,0.114,2.1286,5.2882,-16.5396,3.7788,1.1205,0.3077
37,6.88,0,0.621,0.0201,0.11,0.422,2.8889,4.4451,-16.8445,3.4352,1.0408,0.3912
38,6.97,0,0.600,-0.0255,0.22,0.476,1.2924,5.9779,-13.4146,3.0594,0.8553,0.2675
39,7.07,0,0.577,-0.0393,0.24,0.140,1.0643,5.7480,-10.6707,2.7341,0.6790,0.0850
40,7.17,0,0.551,-0.0141,0.28,-0.269,0.0760,5.3648,-10.9756,2.4973,0.5809,-0.2211
41,7.26,0,0.531,0.0126,0.24,-0.282,0.0000,6.7443,-10.5183,2.2697,0.4200,-0.5009
42,7.36,0,0.520,0.0202,0.16,-0.084,-0.8362,4.9050,-10.2896,2.1812,0.3081,-0.5751
43,7.45,0,0.513,0.0179,0.13,0.019,0.7602,2.3758,-11.5854,2.1216,0.2284,-0.5133
44,7.55,0,0.510,0.0144,0.09,0.033,-1.2924,1.6861,-7.5457,2.4454,0.1165,-0.6524
45,7.64,0,0.511,0.0103,0.07,0.038,-0.4561,-0.6131,-10.5945,2.4133,0.1839,-0.7328
46,7.76,0,0.520,0.0001,0.01,0.085,-1.0643,6.4378,-8.6128,1.9413,0.0797,-0.6231
47,7.85,0,0.532,-0.0054,-0.03,0.054,0.6842,2.9890,-8.9177,2.3018,0.1502,-0.3463
48,7.95,0,0.545,-0.0187,-0.06,0.128,-0.4561,4.0619,-7.0122,2.1399,0.1962,-0.2319
49,8.04,0,0.558,-0.0086,-0.06,-0.109,-0.6082,2.7590,-8.1555,2.1338,0.1625,-0.2984
50,8.14,0,0.565,-0.0248,0.01,0.157,0.1520,3.6021,-9.6037,2.1491,0.2054,-0.0278
51,8.24,0,0.553,-0.0289,0.18,0.032,-0.3041,5.2882,-10.5183,2.0467,0.1533,0.0603
52,8.33,0,0.525,-0.0472,0.35,0.180,0.0760,5.0582,-9.1463,2.2285,0.1947,0.2288
53,8.44,0,0.489,-0.0767,0.37,0.247,-0.0760,4.5218,-10.2134,2.2606,0.0659,0.0155
54,8.54,0,0.461,-0.0849,0.34,0.068,0.7602,2.0693,-12.4238,2.0803,0.1364,0.0665
55,8.64,0,0.447,-0.0988,0.22,0.126,0.3041,5.0582,-8.6890,2.1857,0.1303,0.0572
56,8.73,0,0.442,-0.1034,0.13,0.027,-0.6842,8.9669,-6.9360,2.1246,0.0935,0.1654
57,8.83,0,0.446,-0.1071,0.05,0.024,-1.8245,8.5837,-6.7073,2.2545,0.0904,0.1562
58,8.92,0,0.456,-0.1016,0.00,-0.081,0.9883,6.3611,-7.9268,2.0528,0.3449,0.5875
59,9.02,0,0.470,-0.0866,-0.02,-0.177,0.8362,-0.3066,-9.3750,2.2743,0.2544,0.4406
60,9.13,0,0.486,-0.0782,-0.01,-0.096,-0.7602,0.6898,-6.4024,2.1537,0.2590,0.5906
61,9.23,0,0.504,-0.0650,-0.05,-0.152,1.1403,3.6021,-6.7073,1.9841,0.2851,0.6463
62,9.32,0,0.522,-0.0570,-0.06,-0.099,-1.5965,-1.4562,-8.3841,2.2865,0.2223,0.3695
63,9.42,0,0.544,-0.0414,-0.10,-0.174,0.6082,0.4598,-9.3750,2.0498,0.4277,0.7112
64,9.51,0,0.563,-0.0247,-0.09,-0.190,0.9123,4.4451,-7.3933,1.9322,0.4430,0.8132
65,9.61,0,0.580,-0.0130,-0.08,-0.133,-0.3041,2.0693,-10.0610,2.3782,0.3679,0.4901
66,9.71,0,0.596,0.0081,-0.09,-0.229,2.5848,3.6021,-10.2134,2.2743,0.7174,1.0730
67,9.82,0,0.608,0.0273,-0.05,-0.180,2.3567,6.1312,-10.0610,2.2652,0.7174,1.1364
68,9.91,0,0.616,0.0433,-0.04,-0.167,1.4444,5.0582,-11.3567,2.3629,0.6545,1.0374
69,10.01,0,0.611,0.0543,0.09,-0.115,0.6082,5.3648,-11.2805,2.2896,0.6346,0.9663
70,10.11,0,0.581,0.0750,0.35,-0.210,0.6842,6.4378,-10.3659,2.1017,0.5319,0.9632
71,10.20,0,0.539,0.0746,0.47,0.013,1.8245,6.0546,-11.2043,2.2514,0.5395,1.0189
72,10.30,0,0.501,0.0782,0.44,-0.029,1.7485,5.5947,-10.9756,2.1644,0.4859,1.0065
73,10.39,0,0.475,0.0719,0.34,0.074,0.9123,6.9742,-11.4329,2.2193,0.4261,0.9787
74,10.49,0,0.461,0.0655,0.22,0.074,2.0526,6.9742,-10.5945,2.1292,0.4445,1.0792
75,10.59,0,0.454,0.0577,0.16,0.087,1.7485,3.9853,-8.6128,2.2453,0.3372,0.7730
76,10.68,0,0.453,0.0471,0.11,0.122,1.9006,1.3029,-8.3841,2.3278,0.4200,0.8550
77,10.78,0,0.458,0.0369,0.06,0.126,0.6842,-0.3832,-7.7744,2.0590,0.3004,0.5056
78,10.87,0,0.469,0.0231,0.02,0.152,1.2164,3.4488,-7.7744,1.7749,0.2422,0.4283
79,10.97,0,0.485,0.0134,-0.02,0.104,-0.6842,2.1459,-8.0793,1.6878,0.1533,-0.0309
80,11.07,0,0.504,0.0068,-0.06,0.071,-0.3041,-3.9086,-5.4878,1.7382,0.3617,0.3015
81,11.16,0,0.527,0.0070,-0.10,-0.004,0.1520,3.0656,-6.6311,1.5457,0.2115,0.4824
82,11.26,0,0.548,0.0039,-0.08,0.035,1.8245,1.9160,-6.3262,1.8436,0.3633,0.7344
83,11.35,0,0.568,0.0025,-0.09,0.003,0.2281,-0.2299,-6.6311,1.8864,0.1380,0.7205
84,11.45,0,0.584,0.0324,-0.06,-0.318,2.1286,4.4451,-8.9939,1.6404,0.3709,1.1333
85,11.54,0,0.577,0.0746,0.15,-0.453,0.1520,5.1349,-7.9268,1.6909,0.3924,1.0823
86,11.64,0,0.552,0.0759,0.33,-0.011,-0.5322,3.5254,-7.3171,1.8512,0.3127,0.8643
87,11.74,0,0.511,0.0762,0.51,0.014,1.2924,4.0619,-8.2317,1.8848,0.3357,0.8071
88,11.83,0,0.479,0.0753,0.43,0.028,-0.4561,6.0546,-8.2317,1.5687,0.2023,0.3757
89,11.94,0,0.461,0.0714,0.26,0.054,1.2924,2.3758,-7.3933,1.7535,0.4031,0.7545
90,12.04,0,0.454,0.0717,0.19,0.013,0.2281,1.7627,-6.7073,1.9750,0.2544,0.5427
91,12.14,0,0.455,0.0530,0.12,0.204,1.6725,1.8394,-6.7835,1.7275,0.3204,0.8117
92,12.23,0,0.464,0.0614,0.05,-0.066,0.6082,0.8430,-8.6128,1.9169,0.3924,0.6246
93,12.33,0,0.479,0.0695,-0.00,-0.069,0.6082,0.9197,-8.6128,1.9230,0.4491,0.7777
94,12.42,0,0.499,0.0596,-0.04,0.120,-1.5205,0.8430,-10.5945,2.1674,0.2422,0.3355
95,12.52,0,0.522,0.0661,-0.08,-0.049,0.4561,3.6021,-8.0793,1.9062,0.4844,0.6138
96,12.63,0,0.547,0.0771,-0.08,-0.083,0.6842,3.3722,-8.0030,1.7993,0.5564,0.8364
97,12.73,0,0.570,0.0866,-0.10,-0.088,-0.8362,2.2992,-7.8506,2.0009,0.4139,0.5349
98,12.82,0,0.581,0.0882,0.00,0.003,0.9883,4.3685,-7.6982,1.8451,0.4200,0.7390
99,12.92,0,0.566,0.0883,0.26,0.018,0.3041,3.3722,-8.3841,1.7825,0.3679,0.5489
100,13.02,0,0.537,0.0884,0.40,0.017,1.0643,6.7443,-7.8506,1.7260,0.4660,0.8256
101,13.11,0,0.506,0.0880,0.41,0.027,0.6842,6.8210,-8.8415,1.5916,0.3280,0.5071
102,13.21,0,0.486,0.0898,0.29,-0.002,2.8128,3.3722,-8.3079,1.9001,0.5426,0.8442
103,13.32,0,0.477,0.0882,0.20,0.037,-0.1520,5.7480,-5.7165,1.8085,0.3066,0.4762
104,13.42,0,0.476,0.0890,0.13,0.018,-0.2281,1.6094,-7.5457,1.5198,0.3234,0.2968
105,13.51,0,0.479,0.0880,0.11,0.022,1.8245,-2.4525,-4.6494,2.0483,0.4966,0.5674
106,13.61,0,0.488,0.0861,0.06,0.037,1.7485,-2.1459,-9.0701,1.6313,0.4139,0.4066
107,13.70,0,0.506,0.0842,-0.02,0.044,2.1286,-0.9963,-9.1463,1.4572,0.3679,0.5921
108,13.80,0,0.525,0.0827,-0.02,0.031,1.5965,-0.5365,-6.1738,1.8558,0.1380,0.5659
109,13.89,0,0.547,0.0789,-0.06,0.066,-1.3684,3.6021,-5.1067,1.5137,-0.1058,0.1500
110,14.01,0,0.572,0.0697,-0.07,0.097,-0.8362,2.2226,-7.3933,1.7886,0.1471,0.2381
111,14.10,0,0.594,0.0472,-0.10,0.252,-0.3041,2.9123,-7.3171,1.8925,0.0368,0.1948
112,14.20,0,0.611,0.0269,-0.07,0.225,3.7251,3.2955,-8.5366,2.0223,0.5395,0.7622
113,14.29,0,0.618,0.0359,0.03,-0.087,0.3041,5.9013,-8.5366,1.7856,0.1594,0.3231
114,14.39,0,0.593,0.0061,0.35,0.320,-0.5322,4.8283,-8.4604,1.9979,0.1303,0.4515
115,14.49,0,0.551,-0.0359,0.52,0.447,0.7602,6.6677,-8.6890,1.7825,0.1717,0.3015
116,14.58,0,0.522,-0.0448,0.37,0.105,0.9123,6.9742,-8.6128,1.7077,0.2882,0.3741
117,14.69,0,0.506,-0.0689,0.23,0.233,-0.3801,3.6787,-7.5457,2.2056,0.1517,0.2891
118,14.79,0,0.500,-0.0865,0.17,0.198,0.6842,5.5947,-7.5457,1.8482,0.2223,0.2907
119,14.89,0,0.501,-0.0946,0.10,0.101,-1.6725,5.0582,-5.7165,1.8146,0.0490,-0.0309
120,14.98,0,0.505,-0.1081,0.08,0.156,1.6725,-0.4598,-7.6982,2.4042,0.1410,0.1515
121,15.08,0,0.516,-0.1153,0.02,0.085,-0.2281,2.3758,-9.8323,1.8115,0.1165,-0.0665
122,15.17,0,0.533,-0.0937,-0.04,-0.213,0.6842,4.7517,-7.3933,1.8054,0.4139,0.2752
123,15.27,0,0.552,-0.0653,-0.08,-0.294,0.7602,2.2226,-7.8506,2.0116,0.4445,0.2195
124,15.36,0,0.572,-0.0425,-0.10,-0.222,-0.7602,1.8394,-7.3933,2.0009,0.3786,0.1067
125,15.46,0,0.589,-0.0202,-0.07,-0.212,0.0000,4.9050,-7.9268,1.8085,0.3709,0.3896
126,15.56,0,0.598,-0.0084,-0.00,-0.106,2.0526,7.8173,-9.1463,2.0147,0.5779,0.8627
127,15.65,0,0.587,0.0188,0.18,-0.257,2.6608,9.8866,-8.6890,1.5916,0.5993,0.9431
128,15.75,0,0.562,0.0446,0.33,-0.243,1.5205,8.2005,-8.3079,1.9627,0.5058,0.7514
129,15.84,0,0.529,0.0613,0.41,-0.145,0.9883,3.6787,-10.1372,2.0834,0.3556,0.3711
130,15.94,0,0.505,0.0756,0.34,-0.119,0.9883,8.6603,-8.7652,1.6924,0.2882,0.5071
131,16.04,0,0.494,0.0790,0.22,-0.001,1.5965,7.6640,-8.6128,1.7626,0.2943,0.7297
132,16.13,0,0.489,0.0772,0.16,0.047,0.9883,2.9890,-9.0701,2.2514,0.2805,0.7127
133,16.23,0,0.490,0.0678,0.12,0.128,1.2924,3.2189,-11.7378,2.0223,0.2223,0.5566
134,16.32,0,0.497,0.0547,0.07,0.161,-1.6725,4.1386,-8.2317,2.0865,0.0245,0.5659
135,16.42,0,0.507,0.0395,0.04,0.189,-0.3801,-1.2262,-10.2134,2.4133,0.2575,0.9045
136,16.52,0,0.520,0.0259,0.01,0.169,-1.7485,2.7590,-10.2896,2.1139,0.2223,0.6957
137,16.61,0,0.540,0.0117,-0.04,0.174,0.6842,3.2955,-10.1372,2.0803,0.3035,0.9910
138,16.71,0,0.550,0.0225,0.03,-0.096,-2.4327,1.5328,-9.3750,2.3690,-0.0291,0.4391
139,16.80,0,0.543,0.0453,0.20,-0.218,-0.3041,2.4525,-8.6890,2.0788,0.0920,0.7251
140,16.90,0,0.514,-0.0062,0.43,0.569,-1.5205,2.7590,-10.6707,2.1918,-0.1226,0.5628
141,17.00,0,0.481,0.0574,0.48,-0.639,-1.2924,3.2189,-8.4604,2.0758,-0.0276,0.5751
142,17.09,0,0.462,0.1175,0.35,-0.608,-0.7602,1.2262,-7.3171,2.0223,0.0766,0.5581
143,17.19,0,0.456,0.1595,0.22,-0.410,-0.5322,-0.7664,-8.0793,1.9902,0.0874,0.5782
144,17.28,0,0.457,0.1879,0.16,-0.273,1.5965,-0.6898,-8.0793,2.0269,0.1533,0.8411
145,17.38,0,0.466,0.1995,0.09,-0.098,-1.7485,-3.0656,-5.5640,2.0788,-0.1977,0.5798
146,17.49,0,0.483,0.2063,0.04,-0.036,4.1052,-9.0435,-4.9543,2.3935,0.6882,1.5538
147,17.59,0,0.506,0.2067,-0.03,0.034,-4.6374,0.6131,-6.0976,1.4999,-0.2590,0.0510
148,17.68,0,0.531,0.2029,-0.05,0.094,4.3333,-5.4414,-8.5366,2.0147,0.5549,1.3281
149,17.78,0,0.561,0.2048,-0.11,0.023,-2.4327,-5.9779,-7.8506,2.5141,-0.1119,0.4437
150,17.87,0,0.590,0.2013,-0.12,0.096,1.9766,-3.4488,-7.8506,1.7275,0.4690,1.0498
151,17.97,0,0.623,0.1904,-0.18,0.180,-2.5848,-3.4488,-8.0030,2.0651,0.2652,0.7251
152,18.07,0,0.648,0.1787,-0.12,0.176,1.5965,-3.6787,-7.8506,2.0635,0.5671,1.0606
153,18.16,0,0.672,0.1573,-0.14,0.292,-1.5205,1.8394,-6.5549,1.8894,0.3433,0.6061
154,18.26,0,0.689,0.1585,-0.10,0.062,0.0760,1.3029,-7.4695,1.7138,0.4767,0.8395
155,18.37,0,0.694,0.1104,0.02,0.508,1.2924,-1.9926,-7.9268,2.2621,0.4874,1.0668
156,18.47,0,0.657,0.1536,0.44,-0.371,-0.5322,3.4488,-8.0030,1.8130,0.2269,0.4978
157,18.56,0,0.609,0.2332,0.55,-0.755,0.6842,0.6898,-6.7073,1.7535,0.2698,0.7560
158,18.66,0,0.575,0.3010,0.42,-0.644,0.3041,-2.0693,-8.2317,2.0956,0.3050,0.9307
159,18.75,0,0.551,0.3391,0.32,-0.337,0.1520,1.2262,-6.7835,1.7229,0.2958,0.8859
160,18.85,0,0.538,0.3642,0.22,-0.200,0.6842,-2.7590,-6.0976,1.5946,0.2912,0.8395
161,18.94,0,0.530,0.3760,0.20,-0.056,1.3684,-7.1275,-2.6677,2.2667,0.3433,1.0884
162,19.04,0,0.527,0.3835,0.14,0.004,-0.1520,-9.9632,-7.6220,1.7749,0.2544,0.5550
163,19.14,0,0.537,0.3714,0.02,0.228,-0.1520,-1.3029,-1.9817,1.3411,0.1962,0.6880
164,19.23,0,0.549,0.3632,-0.00,0.194,2.0526,-7.2808,-6.0213,1.8161,0.2223,1.0699
165,19.33,0,0.565,0.3705,-0.04,0.038,1.2164,-7.2042,-5.4116,1.8818,0.1471,0.8797
166,19.42,0,0.586,0.4475,-0.12,-0.662,0.2281,-4.2918,-4.6494,1.5641,0.0858,0.4901
167,19.52,0,0.594,0.5271,0.01,-0.680,-0.2281,-6.1312,-5.1829,1.7199,0.0812,0.5226
168,19.62,0,0.592,0.5665,0.10,-0.238,-0.6842,-1.2262,-2.3628,1.5793,-0.0690,0.3726
169,19.71,0,0.584,0.5091,0.16,0.834,2.9649,-0.9197,-4.9543,1.5030,0.3096,0.7900
170,19.81,0,0.572,0.5231,0.19,0.132,-1.2164,-4.2152,-3.6585,1.8833,-0.0153,0.2706
171,19.90,0,0.569,0.5122,0.11,0.417,1.5965,-6.2845,-6.0213,1.8772,0.0966,0.3726
172,20.00,0,0.571,0.4948,0.06,0.498,1.9006,-2.5291,-5.5640,1.6313,0.1671,0.3541
173,20.10,0,0.574,0.4424,0.04,0.904,-0.3801,-1.9160,-7.0884,1.9551,0.2115,0.3185
174,20.19,0,0.584,0.3949,-0.02,0.874,0.5322,-2.6058,-5.4116,1.8772,0.3955,0.6772
175,20.30,0,0.595,0.3559,-0.02,0.740,1.7485,-2.2992,-5.7165,1.9933,0.4997,0.5566
176,20.40,0,0.604,0.3073,-0.03,0.898,-1.6725,-0.6898,-8.9939,1.7840,0.1793,0.0417
177,20.50,0,0.612,0.2696,-0.03,0.790,-1.2164,-1.0730,-5.7165,1.6603,0.4721,0.4654
178,20.59,0,0.600,0.2394,0.18,0.705,0.0760,-1.4562,-7.8506,1.8253,0.4093,0.3525
179,20.69,0,0.570,0.2637,0.35,0.135,-1.6725,4.0619,-4.6494,1.6954,0.1196,-0.0788
180,20.78,0,0.539,0.2699,0.37,0.332,2.1286,-0.4598,-6.8598,1.7031,0.4414,0.4159
181,20.88,0,0.516,0.2455,0.30,0.643,-2.5848,-2.2992,-5.9451,1.9551,0.0169,-0.1036
182,20.99,0,0.502,0.2468,0.20,0.350,3.2690,-1.9160,-5.8689,1.6099,0.3495,0.5195
183,21.09,0,0.495,0.2036,0.18,0.791,-1.1403,0.1533,-7.0884,1.8940,0.1196,-0.2087
184,21.18,0,0.493,0.1368,0.13,1.038,-0.7602,-1.3029,-5.7927,1.7290,0.2514,-0.2211
185,21.28,0,0.495,0.0862,0.12,0.879,2.6608,-0.9197,-5.1829,1.7413,0.4920,0.3200
186,21.37,0,0.503,0.0540,0.07,0.681,2.8128,-3.7554,-5.0305,1.6802,0.6239,0.3772
187,21.47,0,0.517,0.1028,0.01,-0.172,1.3684,-3.8320,-4.8018,1.7061,0.5564,0.2505
188,21.57,0,0.522,0.1109,0.09,0.245,-0.3041,-1.7627,-4.8780,1.5946,0.4246,0.0201
189,21.68,0,0.520,0.0719,0.15,0.705,-2.6608,-3.6021,-4.7256,1.8146,0.2698,-0.3077
190,21.77,0,0.518,0.0907,0.16,0.151,-0.7602,-3.0656,-5.7927,1.6618,0.1318,-0.4437
191,21.87,0,0.517,0.0735,0.16,0.524,1.5965,-2.1459,-1.1433,1.7199,0.6790,0.2474
192,21.97,0,0.522,0.0584,0.11,0.508,-1.8245,-5.2115,-5.4878,1.8879,0.3786,-0.5349
193,22.06,0,0.532,0.0463,0.05,0.479,-1.6725,0.1533,-5.2591,1.7321,0.2422,-0.7529
194,22.16,0,0.547,0.0305,0.01,0.515,1.7485,-3.0656,-7.0884,1.8451,0.5089,-0.2814
195,22.25,0,0.564,0.0212,-0.02,0.443,-1.1403,-4.5218,-6.6311,1.8879,0.4859,-0.5102
196,22.37,0,0.583,-0.0734,-0.02,1.190,-0.3041,-0.3832,-5.7165,1.6496,0.5273,-0.5334
197,22.46,0,0.588,-0.1191,0.08,0.813,1.3684,-1.3029,-8.2317,2.0528,0.6622,-0.2118
198,22.56,0,0.573,-0.1142,0.28,0.260,0.2281,-0.4598,-7.9268,1.8925,0.6131,-0.5504
199,22.65,0,0.542,-0.0870,0.44,0.024,2.8128,1.0730,-6.4024,2.0498,0.6959,-0.5628
200,22.75,0,0.520,-0.0839,0.36,0.279,-0.3041,-2.2992,-7.6220,2.2743,0.4077,-1.3188
201,22.85,0,0.509,-0.0580,0.25,0.046,3.1929,-3.5254,-7.1646,2.0299,0.4828,-1.1302
202,22.94,0,0.507,-0.0835,0.17,0.581,-4.4853,-0.8430,-7.6982,1.6114,0.0858,-1.9944
203,23.04,0,0.514,-0.1152,0.10,0.652,4.1052,-4.6750,-5.9451,2.0635,0.9488,-0.7699
204,23.13,0,0.527,-0.1026,0.05,0.177,-2.0526,-5.5181,-5.6402,2.1567,0.3204,-1.7563
205,23.23,0,0.541,-0.0952,0.03,0.221,-1.2924,-3.6021,-5.7927,1.9963,0.3311,-1.7672
206,23.32,0,0.550,-0.0907,0.09,0.243,-2.5087,-4.1386,-6.6311,1.9200,0.0674,-1.9604
207,23.42,0,0.546,-0.1037,0.20,0.434,-1.1403,-4.2918,-3.2012,1.8818,0.1793,-1.5105
208,23.52,0,0.533,-0.1499,0.30,0.773,-1.6725,-6.8210,-5.1829,1.9673,0.2882,-1.6249
209,23.61,0,0.518,-0.1246,0.31,0.033,-3.0409,-8.8136,-3.7348,1.9139,0.2851,-1.8568
210,23.71,0,0.519,-0.1030,0.16,0.066,-2.0526,-8.5837,-4.1921,2.1598,0.0705,-1.8182
211,23.80,0,0.526,-0.1212,0.12,0.480,-5.8537,-5.9013,-2.8201,1.8741,0.0353,-1.8244
212,23.90,0,0.539,-0.1722,0.06,0.837,-1.6725,-5.6714,-5.5640,1.6588,0.0123,-1.5492
213,24.00,0,0.557,-0.2126,0.00,0.716,-3.8771,-3.7554,-5.8689,1.5152,0.0215,-1.7161
214,24.09,0,0.577,-0.2909,-0.01,1.090,-0.3801,-4.2918,-5.2591,1.4740,0.3495,-1.0250
215,24.19,0,0.599,-0.3412,-0.06,0.795,-2.5848,-1.6861,-3.6585,1.1486,0.1303,-0.9539
216,24.28,0,0.621,-0.3225,-0.07,0.046,-0.1520,-4.0619,-4.1921,1.2235,0.1901,-0.7730
217,24.38,0,0.640,-0.4042,-0.06,1.078,-3.3450,0.6131,-2.9726,1.2433,0.0766,-1.0699
218,24.48,0,0.656,-0.3881,-0.05,0.014,-0.0760,-1.1496,-3.5823,1.0417,0.4767,-0.3850
219,24.57,0,0.668,-0.4528,-0.02,0.862,-1.4444,0.6131,-1.9817,0.9684,0.4031,-0.4499
220,24.67,0,0.657,-0.4659,0.21,0.296,1.2164,-0.9963,-4.1159,1.0280,0.5825,-0.0881
221,24.76,0,0.624,-0.4762,0.42,0.211,0.0000,0.6898,-4.5732,0.8431,0.4828,-0.2690
222,24.86,0,0.587,-0.4259,0.48,-0.430,1.5205,1.6861,-1.9817,0.9653,0.5028,-0.0155
223,24.95,0,0.560,-0.3905,0.38,-0.280,-0.9123,-1.4562,-2.5152,1.1868,0.2085,-0.5118
224,25.05,0,0.546,-0.3665,0.25,-0.149,-1.4444,-5.2115,-4.1921,1.5045,0.1012,-0.6818
225,25.16,0,0.546,-0.3327,0.13,-0.212,-0.3041,-2.8357,-1.7530,1.1471,0.3127,-0.4221
226,25.26,0,0.551,-0.3199,0.09,-0.050,-0.5322,-0.3832,-3.6585,1.2403,0.2100,-0.7282
227,25.35,0,0.564,-0.3249,0.01,0.135,0.2281,-0.8430,-0.9146,1.3227,0.3679,-0.3664
228,25.45,0,0.579,-0.3355,-0.02,0.160,0.4561,-3.6021,-4.1921,1.2662,0.2851,-0.4453
229,25.55,0,0.598,-0.3408,-0.07,0.101,2.4327,-3.2189,-3.4299,1.2678,0.4844,0.0417
230,25.64,0,0.618,-0.3527,-0.09,0.153,-3.4970,-0.2299,-5.5640,1.1517,0.0276,-0.8488
231,25.74,0,0.638,-0.3553,-0.11,0.034,1.6725,0.0000,-5.3354,1.2372,0.3633,-0.1577
232,25.83,0,0.655,-0.3733,-0.10,0.178,-0.9883,-1.2262,-4.5732,1.3594,0.1272,-0.5720
233,25.93,0,0.669,-0.3691,-0.08,-0.072,0.0760,-0.1533,-6.2500,1.1272,0.1901,-0.4561
234,26.03,0,0.676,-0.3272,-0.02,-0.505,-0.9123,0.8430,-4.7256,1.3548,0.0812,-0.6231
235,26.12,0,0.662,-0.2738,0.19,-0.639,0.3041,0.9197,-5.1067,1.3808,0.1318,-0.5489
236,26.22,0,0.635,-0.2890,0.32,0.072,0.1520,2.2226,-3.8872,1.1883,0.1839,-0.3973
237,26.31,0,0.598,-0.2965,0.43,-0.009,-1.2924,-1.7627,-5.8689,1.5412,0.0705,-0.7870
238,26.41,0,0.568,-0.3140,0.36,0.093,-1.2924,0.3066,-5.1067,1.4083,0.0690,-0.7962
239,26.51,0,0.551,-0.3322,0.24,0.104,-1.9006,3.2189,-3.5061,1.3059,0.0353,-0.7468
240,26.60,0,0.542,-0.3433,0.16,0.026,0.0000,-2.1459,-8.3841,1.4251,0.1012,-0.7158
241,26.70,0,0.541,-0.3361,0.11,-0.179,-0.9123,-1.0730,-6.0976,1.3961,-0.0123,-0.8519
242,26.79,0,0.546,-0.3295,0.05,-0.181,1.8245,-2.3758,-6.7835,1.6557,0.2544,-0.4870
243,26.89,0,0.555,-0.3211,0.01,-0.227,-3.0409,4.2918,-2.9726,1.2616,-0.0674,-0.8055
244,26.98,0,0.566,-0.3091,-0.02,-0.274,0.0760,1.1496,-5.3354,1.4236,0.0153,-0.7808
245,27.08,0,0.578,-0.2787,-0.03,-0.477,-1.4444,-0.6898,-5.3354,1.4908,0.0245,-0.9307
246,27.18,0,0.594,-0.2682,-0.09,-0.280,-0.4561,1.2262,-6.2500,1.3487,0.0950,-0.8689
247,27.27,0,0.609,-0.2345,-0.09,-0.543,0.6082,-1.7627,-7.1646,1.4648,0.1563,-0.7483
248,27.37,0,0.621,-0.1994,-0.07,-0.553,-1.2924,-0.3066,-5.3354,1.3838,0.1487,-0.7282
249,27.46,0,0.626,-0.1861,-0.01,-0.329,-0.4561,1.1496,-6.0213,1.3243,0.0966,-0.6633
250,27.56,0,0.608,-0.1803,0.23,-0.252,1.4444,3.4488,-6.0976,1.3121,0.2514,-0.2891
251,27.66,0,0.570,-0.1496,0.43,-0.516,-0.1520,3.8320,-6.4024,1.3502,-0.0552,-0.5210
252,27.75,0,0.534,-0.1258,0.43,-0.429,0.6082,2.6824,-5.4878,1.1883,0.1533,-0.3247
253,27.85,0,0.513,-0.1048,0.29,-0.400,-0.3041,0.2299,-6.3262,1.3899,0.0353,-0.4808
254,27.96,0,0.500,-0.0937,0.19,-0.276,-0.8362,0.4598,-6.3262,1.2464,0.0705,-0.2149
255,28.06,0,0.496,-0.1017,0.14,-0.102,1.2924,2.3758,-4.7256,1.1792,0.1885,0.1051
256,28.15,0,0.498,-0.0914,0.08,-0.286,-2.3567,3.1422,-3.9634,1.2830,-0.1180,-0.3030
257,28.25,0,0.506,-0.0579,0.03,-0.533,1.6725,-0.8430,-4.7256,1.3686,0.2682,0.2999
258,28.34,0,0.517,-0.0354,0.02,-0.411,0.6842,-2.5291,-3.7348,1.4373,0.1196,0.1391
259,28.44,0,0.531,-0.0091,-0.02,-0.452,0.8362,1.6094,-3.6585,1.1608,0.1134,0.3417
260,28.54,0,0.549,0.0290,-0.06,-0.557,0.3041,1.3795,-5.4878,1.2067,0.1027,0.1113
261,28.65,0,0.566,0.0959,-0.03,-0.770,2.3567,1.0730,-4.8780,1.2158,0.2483,0.3262
262,28.74,0,0.573,0.1390,0.03,-0.600,0.0000,1.1496,-5.3354,1.1639,0.0766,0.0541
263,28.84,0,0.559,0.1501,0.25,-0.261,1.1403,3.6021,-5.0305,1.1731,0.2299,0.4592
264,28.94,0,0.528,0.1159,0.41,0.231,-0.0760,3.9853,-6.7835,1.2723,0.0858,0.0263
265,29.03,0,0.495,0.0815,0.44,0.236,0.4561,1.1496,-6.4787,1.3899,0.1855,0.3726
266,29.13,0,0.477,0.0533,0.31,0.171,1.2924,1.3795,-3.5823,1.4236,0.1885,0.4314
267,29.22,0,0.470,0.0670,0.21,-0.267,0.0760,-3.6021,-6.0213,1.7657,0.1533,0.1623
268,29.32,0,0.473,0.0553,0.11,-0.002,1.1403,-0.3832,-7.6220,1.3670,0.2177,0.2597
269,29.41,0,0.483,0.0711,0.05,-0.285,0.6082,0.2299,-6.4024,1.3441,0.3234,0.2474
270,29.51,0,0.501,0.0953,-0.02,-0.379,0.6082,-1.6861,-6.2500,1.4846,0.1134,-0.0541
271,29.61,0,0.521,0.1199,-0.03,-0.382,-0.7602,-1.9160,-6.1738,1.7932,0.2728,0.2551
272,29.70,0,0.546,0.1407,-0.08,-0.336,-1.5965,-1.5328,-6.4024,1.7260,0.2452,0.0062
273,29.80,0,0.567,0.1556,-0.06,-0.279,-0.2281,3.2189,-6.3262,1.3227,0.3479,0.2226
274,29.89,0,0.590,0.1638,-0.11,-0.189,0.9123,4.5218,-5.0305,1.4358,0.3633,0.3401
275,29.99,0,0.597,0.1450,0.04,0.095,1.9766,1.8394,-6.5549,1.4908,0.5028,0.4190
276,30.09,0,0.583,0.1382,0.23,-0.018,-1.2924,3.7554,-7.8506,1.5687,0.2621,0.0495
277,30.18,0,0.552,0.1861,0.42,-0.587,0.0760,6.9742,-7.7744,1.5396,0.3342,0.3015
278,30.28,0,0.519,0.1210,0.44,0.581,0.2281,3.8320,-7.8506,1.6191,0.3602,0.3711
279,30.37,0,0.500,0.1234,0.30,-0.122,-0.7602,3.8320,-8.3079,1.7321,0.1226,-0.1144
280,30.47,0,0.494,0.1215,0.19,-0.075,0.2281,4.3685,-6.9360,1.5076,0.2345,0.2675
281,30.57,0,0.497,0.1208,0.09,-0.084,-0.9123,8.5837,-4.9543,1.5259,0.1042,0.0742
282,30.66,0,0.503,0.0655,0.09,0.479,-0.3801,2.1459,-5.5640,1.5274,0.1594,0.2396
283,30.76,0,0.511,0.0255,0.07,0.332,-1.5205,-2.3758,-6.0213,2.0910,-0.1180,-0.0989
284,30.85,0,0.524,0.0830,0.02,-0.704,1.2924,-0.5365,-6.7073,1.5396,0.2621,0.3463
285,30.95,0,0.543,0.1403,-0.04,-0.719,1.2164,3.0656,-5.7927,1.0952,0.3158,0.2536
286,31.04,0,0.565,0.1710,-0.08,-0.429,-1.1403,2.6058,-5.8689,1.2922,0.1456,-0.0062
287,31.14,0,0.588,0.2079,-0.10,-0.480,1.9006,1.2262,-5.4116,1.3273,0.3403,0.3200
288,31.24,0,0.602,0.2696,-0.02,-0.716,-0.7602,4.2918,-5.0305,1.0020,0.1947,0.0232
289,31.33,0,0.592,0.2669,0.20,-0.032,0.3041,4.8283,-4.7256,1.0646,0.3219,0.2242
290,31.44,0,0.552,0.1977,0.45,0.600,0.3801,4.5984,-7.0884,1.3121,0.3479,0.1979
291,31.54,0,0.506,0.1424,0.58,0.559,-0.2281,5.2882,-7.0884,1.2983,0.2713,0.0448
292,31.64,0,0.476,0.1011,0.42,0.413,1.7485,5.2882,-5.8689,1.3930,0.3679,0.2056
293,31.73,0,0.458,0.0811,0.31,0.196,1.1403,5.2115,-7.0884,1.3533,0.4231,0.2010
294,31.83,0,0.453,0.0755,0.18,0.045,-3.2690,3.9086,-8.1555,1.4297,0.1563,-0.4978
295,31.92,0,0.458,0.0763,0.10,-0.030,1.5965,2.6824,-6.6311,1.4251,0.4368,0.0866
296,32.02,0,0.470,0.0943,0.04,-0.200,0.3041,-2.1459,-7.7744,1.9658,0.3801,-0.0433
297,32.13,0,0.488,0.1078,0.02,-0.132,0.0000,4.6750,-6.8598,1.7443,0.4537,-0.2134
298,32.23,0,0.510,0.1191,-0.04,-0.133,5.3216,5.2882,-7.6982,1.9948,1.3213,0.6370
299,32.32,0,0.532,0.1245,-0.05,-0.063,-1.5965,0.9963,-6.4024,1.9856,0.4139,-0.5566
300,32.42,0,0.557,0.1342,-0.09,-0.107,-3.3450,5.2882,-3.8110,1.3884,0.1471,-0.6633
301,32.52,0,0.575,0.1332,-0.03,0.010,2.1286,3.5254,-5.4116,1.4312,0.4629,-0.0835
302,32.61,0,0.569,0.1043,0.21,0.302,-2.2047,0.4598,-8.0793,1.6847,0.2790,-0.6602
303,32.71,0,0.535,0.0902,0.47,0.150,-1.6725,2.2226,-5.1829,1.5809,0.2238,-0.5937
304,32.82,0,0.500,-0.0584,0.45,1.334,1.5965,1.9160,-7.3171,1.5335,0.3464,-0.4762
305,32.92,0,0.475,-0.1838,0.40,1.311,-2.0526,-0.9963,-4.4970,1.7840,0.0245,-0.7962
306,33.01,0,0.462,-0.2720,0.29,0.920,0.4561,-4.6750,-8.0793,1.5121,0.2253,-0.7962
307,33.11,0,0.460,-0.2789,0.18,0.080,1.2924,-1.8394,-4.1159,1.5717,0.3709,-0.5164
308,33.20,0,0.469,-0.2783,0.10,0.002,-0.3801,-1.3795,-2.8201,1.3579,0.2483,-0.4638
309,33.30,0,0.484,-0.3292,0.04,0.544,-1.2164,-4.4451,-2.5915,1.3365,0.1625,-0.4932
310,33.39,0,0.506,-0.3618,-0.02,0.325,-0.9123,-5.7480,-2.5915,1.5320,0.1395,-0.5427
311,33.51,0,0.534,-0.3484,-0.05,-0.149,2.2047,-3.7554,-1.6006,1.2723,0.2652,-0.2443
312,33.60,0,0.567,-0.3053,-0.14,-0.512,-1.9766,-4.5218,-3.6585,1.2632,0.2713,-0.6478
313,33.70,0,0.595,-0.3235,-0.11,0.104,1.5205,-2.7590,-0.9909,1.2174,0.3342,-0.0278
314,33.79,0,0.622,-0.3156,-0.13,-0.188,-1.9766,-2.9123,-0.0762,1.3182,0.2299,-0.4391
315,33.89,0,0.644,-0.2603,-0.09,-0.684,2.8889,-3.8320,-2.2104,1.1944,0.5426,0.2056
316,33.99,0,0.666,-0.2156,-0.12,-0.586,-2.4327,-0.5365,-3.4299,1.0616,-0.0199,-0.6169
317,34.08,0,0.681,-0.1798,-0.06,-0.493,0.6082,-1.2262,-2.0579,1.0417,0.2269,-0.1175
318,34.18,0,0.686,-0.1246,0.02,-0.691,-0.4561,-1.4562,-4.3445,1.1853,0.0582,-0.5164
319,34.27,0,0.659,-0.1404,0.35,0.048,1.8245,1.4562,-4.4207,1.0234,0.1931,-0.2180
320,34.37,0,0.614,-0.1925,0.53,0.427,-1.7485,1.1496,-5.6402,1.1288,-0.0521,-0.6524
321,34.47,0,0.571,-0.2637,0.51,0.641,-0.4561,1.5328,-3.0488,1.2082,0.0705,-0.4669
322,34.56,0,0.541,-0.3104,0.38,0.391,0.2281,0.9197,-4.8018,1.1349,0.1763,-0.3494
323,34.66,0,0.523,-0.3237,0.27,0.040,-1.5205,0.0000,-3.6585,1.2372,0.1226,-0.4901
324,34.75,0,0.515,-0.3194,0.17,-0.144,-1.5205,-3.9086,-5.1829,1.2922,0.1073,-0.5937
325,34.85,0,0.517,-0.2707,0.10,-0.603,0.5322,-4.5984,-4.9543,1.2342,0.2820,-0.3309
326,34.94,0,0.526,-0.2315,0.02,-0.518,-1.9006,-1.5328,-2.7439,1.2494,0.0674,-0.6756
327,35.04,0,0.539,-0.2016,-0.02,-0.435,-0.3041,-1.0730,-1.4482,1.3380,0.2069,-0.4499
328,35.14,0,0.555,-0.1736,-0.04,-0.416,-0.3041,-2.1459,-4.0396,1.1074,0.2452,-0.3695
329,35.23,0,0.573,-0.1649,-0.07,-0.218,-0.8362,-0.4598,-3.5823,1.2326,0.1686,-0.4360
330,35.33,0,0.586,-0.1946,-0.04,0.180,0.0000,-2.3758,-3.8872,1.2998,0.3020,-0.3030
331,35.42,0,0.584,-0.1287,0.11,-0.821,-0.8362,0.2299,-2.9726,1.1654,0.2361,-0.3680
332,35.52,0,0.559,-0.2314,0.34,0.916,0.1520,-0.8430,-4.1159,1.3762,0.2269,-0.2396
333,35.63,0,0.537,-0.2936,0.27,0.411,1.1403,-0.3832,-1.1433,1.0936,0.2575,-0.0417
334,35.73,0,0.527,-0.2954,0.19,-0.113,-0.6842,-2.6058,-2.6677,1.2540,0.1334,-0.4654
335,35.82,0,0.522,-0.2931,0.16,-0.159,1.0643,-4.6750,-3.5061,1.1333,0.2698,-0.1747
336,35.92,0,0.524,-0.2947,0.09,-0.128,-1.4444,-4.1386,-2.5152,1.1776,0.2422,-0.2984
337,36.02,0,0.531,-0.2949,0.05,-0.157,-1.3684,-3.2189,-1.2957,1.0906,0.0874,-0.5241
338,36.11,0,0.545,-0.2867,-0.02,-0.253,-2.0526,-0.3066,-1.5244,1.0967,0.1012,-0.4746
339,36.21,0,0.563,-0.2693,-0.06,-0.375,-0.0760,-0.8430,-0.4573,1.0967,0.2652,-0.1453
340,36.32,0,0.581,-0.2123,-0.05,-0.710,0.4561,-1.3795,-2.6677,0.9455,0.1931,-0.2365
341,36.42,0,0.593,-0.1366,-0.04,-1.001,-1.5965,-0.9197,-3.2012,0.9516,0.0337,-0.5087
342,36.51,0,0.580,-0.1363,0.21,-0.227,0.9123,-0.9197,-3.1250,0.9745,0.2069,-0.1469
343,36.61,0,0.546,-0.1935,0.42,0.398,-1.0643,-0.5365,-2.7439,0.9730,0.0904,-0.4159
344,36.70,0,0.512,-0.2398,0.42,0.298,-0.9123,0.2299,-2.5915,0.9806,0.2023,-0.2025
345,36.80,0,0.492,-0.2716,0.29,0.148,1.7485,-2.3758,-4.9543,1.1593,0.4077,-0.0155
346,36.89,0,0.483,-0.2880,0.19,-0.016,-1.9766,-5.2115,-4.5732,1.5213,-0.0092,-0.9524
347,37.01,0,0.481,-0.2921,0.12,-0.153,-0.5322,-2.1459,-2.0579,1.2235,0.1563,-0.5705
348,37.10,0,0.488,-0.2861,0.06,-0.257,1.5965,-8.8903,-6.0213,1.4098,0.2269,-0.6045
349,37.20,0,0.501,-0.2709,-0.00,-0.345,-1.0643,-3.8320,-3.8110,1.2158,0.1563,-0.6741
350,37.29,0,0.518,-0.2558,-0.03,-0.373,-1.8245,-6.9742,-3.4299,1.3762,0.0368,-0.9168
351,37.39,0,0.537,-0.2180,-0.06,-0.614,-0.3801,-3.4488,-1.4482,1.1547,0.2728,-0.3772
352,37.49,0,0.557,-0.1921,-0.08,-0.493,0.3041,-1.5328,-3.5061,0.8706,0.2652,-0.2737
353,37.58,0,0.578,-0.1945,-0.10,-0.214,-1.3684,-0.8430,-0.0762,0.9546,0.3387,-0.2288
354,37.69,0,0.591,-0.2322,-0.00,0.090,-0.3041,-0.9197,-1.9055,0.8156,0.2483,-0.0758
355,37.79,0,0.579,-0.2243,0.21,-0.328,-2.1286,0.8430,-1.2957,0.8492,0.1839,-0.3479
356,37.89,0,0.568,-0.1945,0.20,-0.564,2.6608,-2.1459,-1.9817,0.6736,0.5763,0.2319
357,37.98,0,0.560,-0.1639,0.17,-0.585,-0.6842,-2.0693,-1.6768,0.9592,0.2085,-0.4082
358,38.08,0,0.562,-0.1211,0.08,-0.705,-1.3684,-1.0730,-2.2104,0.9378,0.1211,-0.2767
359,38.17,0,0.566,-0.0855,0.05,-0.640,1.5205,-1.3795,-1.6006,0.7820,0.2713,0.0866
360,38.27,0,0.572,-0.0442,0.04,-0.695,1.4444,-2.6824,-2.3628,0.7881,0.3311,0.0340
361,38.38,0,0.578,-0.0133,0.03,-0.528,-0.5322,-2.9123,-3.5823,0.8126,0.2085,-0.2458
362,38.48,0,0.581,0.0113,0.07,-0.500,1.7485,2.3758,0.3811,0.7423,0.4414,0.3216
363,38.57,0,0.567,0.0386,0.23,-0.522,2.8128,-1.7627,-4.4970,0.8049,0.3955,0.0495
364,38.67,0,0.542,0.0191,0.34,-0.028,0.2281,0.3832,-2.4390,0.8813,0.3050,-0.0201
365,38.76,0,0.519,-0.0030,0.34,0.001,0.1520,-0.9197,-2.6677,0.8309,0.2912,0.0170
366,38.86,0,0.506,-0.0386,0.23,0.144,2.9649,-0.6898,-1.5244,0.9439,0.4139,0.3077
367,38.96,0,0.504,-0.0401,0.14,-0.220,0.6082,-1.9926,-1.6768,1.0600,0.2698,0.0804
368,39.05,0,0.511,-0.0326,0.05,-0.305,0.2281,-3.4488,-1.7530,1.0035,0.2483,0.0448
369,39.15,0,0.522,-0.0091,0.02,-0.486,-2.7368,-2.6824,-1.3720,1.1776,-0.0123,-0.3633
370,39.24,0,0.536,0.0165,-0.01,-0.499,3.4210,-2.7590,-2.2104,0.9409,0.5947,0.8905
371,39.34,0,0.555,0.0535,-0.07,-0.615,-0.0760,-2.9890,-3.0488,1.2097,0.1901,0.2582
372,39.44,0,0.579,0.0995,-0.13,-0.700,2.3567,-2.9890,-3.1250,1.2555,0.5196,0.9307
373,39.53,0,0.598,0.1254,-0.09,-0.490,1.9006,-0.9197,-1.9055,1.1990,0.3740,0.7962
374,39.63,0,0.616,0.1463,-0.08,-0.436,1.5965,-0.8430,-3.5061,1.0814,0.3679,0.5813
375,39.72,0,0.622,0.1572,0.01,-0.327,3.4970,-1.0730,-3.1250,1.0188,0.5028,0.9802
376,39.82,0,0.612,0.1690,0.18,-0.326,0.4561,-2.0693,-5.4878,1.0600,0.1901,0.4097
377,39.92,0,0.587,0.1870,0.32,-0.384,1.8245,-1.5328,-3.3537,0.9837,0.3112,0.7328
378,40.01,0,0.567,0.1670,0.29,0.017,1.6725,-4.4451,-3.6585,1.2739,0.1640,0.5458
379,40.11,0,0.557,0.1814,0.19,-0.343,1.9006,-3.3722,-3.1250,1.1043,0.2223,0.7823
380,40.20,0,0.556,0.1979,0.11,-0.366,-3.1169,-2.2226,-2.7439,1.3441,-0.2805,0.1345
381,40.30,0,0.559,0.2044,0.08,-0.256,0.9123,-4.4451,-3.8110,1.2342,0.1625,0.6586
382,40.39,0,0.564,0.2120,0.06,-0.259,-0.3801,-6.5144,-2.6677,1.2784,0.0536,0.4530
383,40.51,0,0.575,0.2596,0.02,-0.588,1.9006,-9.8866,-3.2012,1.2005,0.2790,0.7189
384,40.60,0,0.579,0.3161,0.06,-0.739,0.5322,-6.3611,-1.7530,1.0967,0.1349,0.5844
385,40.70,0,0.570,0.3321,0.20,-0.291,0.9123,-1.8394,0.0762,0.9439,0.1640,0.7096
386,40.79,0,0.548,0.2717,0.32,0.535,-0.3041,-5.3648,-3.4299,0.9348,0.1288,0.3448
387,40.89,0,0.536,0.2333,0.23,0.314,-0.6082,-4.9816,-0.7622,1.0096,0.0874,0.4267
388,40.99,0,0.533,0.2090,0.15,0.174,0.6842,-6.2845,-1.5244,0.9165,0.2161,0.5581
389,41.08,0,0.541,0.1998,0.04,0.019,-1.3684,-3.6787,1.7530,1.0493,0.2391,0.4932
390,41.19,0,0.551,0.1910,0.04,0.009,-0.4561,-4.6750,-2.8963,0.8722,0.1272,0.3726
391,41.29,0,0.565,0.1523,-0.00,0.332,-0.9123,-2.1459,-0.9146,1.1731,0.3939,0.8658
392,41.39,0,0.581,0.1573,-0.04,-0.126,1.5205,-1.0730,-4.9543,1.5396,0.4966,0.8457
393,41.48,0,0.598,0.1395,-0.06,0.124,-0.6082,0.3832,-5.9451,1.6954,0.5886,0.9617
394,41.58,0,0.617,0.1315,-0.09,-0.000,-0.8362,0.0766,-6.5549,1.5916,0.4690,0.8225
395,41.67,0,0.634,0.1832,-0.10,-0.608,3.0409,-0.1533,-6.0213,1.6420,0.6898,1.1874
396,41.77,0,0.641,0.1774,-0.00,-0.010,-0.4561,-0.3066,-6.2500,1.7397,0.4951,0.7560
397,41.88,0,0.630,0.1884,0.16,-0.156,0.7602,0.1533,-8.3079,2.1537,0.7817,1.2369
398,41.98,0,0.610,0.2401,0.26,-0.574,0.5322,1.8394,-9.4512,2.5202,0.8139,1.2616
399,42.07,0,0.600,0.2544,0.16,-0.205,1.2924,1.1496,-12.3476,2.9372,0.7894,1.2044
400,42.17,0,0.592,0.2571,0.14,-0.070,2.8128,0.6131,-11.2043,2.9357,1.0178,1.7424
401,42.26,0,0.590,0.2713,0.10,-0.169,3.1929,-1.1496,-12.8811,3.1251,1.0760,1.9759
402,42.36,0,0.594,0.2820,0.04,-0.123,0.3801,2.3758,-10.8232,3.0365,0.8492,1.7007
403,42.46,0,0.600,0.3058,0.03,-0.243,1.3684,1.5328,-8.9939,3.1236,0.9749,1.9295
404,42.57,0,0.609,0.3204,0.01,-0.107,1.9006,-4.9816,-14.3293,3.5283,0.8231,1.4811
405,42.66,0,0.621,0.3233,-0.04,0.008,-0.5322,0.4598,-11.0518,2.7784,0.8231,1.4750
406,42.76,0,0.624,0.3516,0.04,-0.224,-0.7602,-0.9197,-12.0427,3.1388,0.7526,1.3374
407,42.86,0,0.614,0.3641,0.16,-0.041,1.7485,-0.9963,-12.7287,3.3084,0.8722,1.6234
408,42.95,0,0.583,0.3294,0.39,0.480,-0.1520,3.3722,-14.4055,3.3130,0.7710,1.2600
409,43.05,0,0.541,0.2377,0.52,1.083,6.2338,-1.6861,-14.4817,3.4275,1.3182,2.3562
410,43.14,0,0.514,0.1681,0.37,0.846,-0.0760,0.4598,-12.8811,3.8628,0.9841,1.1132
411,43.26,0,0.501,0.1243,0.21,0.533,4.6374,1.9926,-12.2713,3.7193,1.2232,1.7934
412,43.35,0,0.503,0.1120,0.09,0.265,1.7485,0.1533,-15.0152,3.7086,1.0254,0.8921
413,43.45,0,0.508,0.1149,0.08,0.099,3.4970,-2.9890,-17.2256,3.8628,1.1281,0.7622
414,43.54,0,0.520,0.1047,0.01,0.233,5.1695,0.7664,-14.5579,3.8262,1.3964,0.7514
415,43.64,0,0.539,0.1058,-0.06,0.118,0.2281,3.1422,-14.1006,3.8033,1.0254,-0.0186
416,43.74,0,0.559,0.1067,-0.07,0.124,2.4327,0.1533,-16.6921,4.0645,1.0530,0.1747
417,43.83,0,0.580,0.1058,-0.10,0.137,-1.1403,5.6714,-11.5854,3.4291,0.6606,-0.5442
418,43.93,0,0.592,0.0909,-0.02,0.283,-0.0760,2.8357,-16.3110,3.4061,0.6468,-0.7885
419,44.02,0,0.579,0.0632,0.23,0.420,-0.1520,5.9013,-16.0061,3.2855,0.5917,-0.8704
420,44.12,0,0.553,0.0529,0.36,0.225,0.8362,5.9779,-12.5000,2.7341,0.4966,-0.9385
421,44.22,0,0.526,0.0429,0.38,0.221,-0.9883,2.4525,-13.0335,2.8578,0.2928,-1.5152
422,44.31,0,0.512,0.0321,0.25,0.234,-0.3801,1.3795,-10.2896,2.5080,0.2974,-1.1456
423,44.41,0,0.509,0.0204,0.15,0.241,-0.3041,0.7664,-10.4421,2.3354,0.0874,-1.4750
424,44.50,0,0.513,-0.0040,0.08,0.378,-1.9766,1.6861,-9.0701,2.3263,-0.0475,-1.4842
425,44.60,0,0.524,-0.0387,0.03,0.483,-0.6842,0.3832,-10.2134,2.4148,0.2452,-1.4487
426,44.69,0,0.543,-0.0511,-0.05,0.248,-0.6082,1.9926,-9.2226,2.0635,0.2422,-1.4811
427,44.79,0,0.562,-0.0187,-0.05,-0.228,-0.9123,0.2299,-12.3476,2.3369,0.0782,-1.6466
428,44.89,0,0.555,-0.0439,0.20,0.360,-0.3041,1.3795,-8.3841,2.1155,0.3679,-1.2152
429,44.98,0,0.536,-0.0828,0.32,0.509,0.9123,2.2992,-7.7744,2.1017,0.4246,-1.0869
430,45.08,0,0.505,-0.1339,0.44,0.637,-0.8362,-3.2955,-10.5945,2.3064,0.2131,-1.6064
431,45.17,0,0.489,-0.1705,0.31,0.488,0.2281,-2.1459,-7.3171,2.1827,0.2652,-1.4827
432,45.27,0,0.485,-0.2129,0.19,0.543,-0.4561,-3.8320,-8.2317,2.1934,0.3786,-1.5090
433,45.38,0,0.491,-0.2228,0.11,0.195,-2.7368,-3.5254,-6.5549,2.0773,0.1119,-1.9821
434,45.48,0,0.504,-0.2364,0.05,0.245,0.4561,-4.9816,-6.7073,2.0101,0.3571,-1.4425
435,45.57,0,0.523,-0.2434,-0.01,0.153,-1.7485,-4.5984,-7.1646,1.7794,0.2422,-1.5971
436,45.67,0,0.544,-0.2790,-0.04,0.452,-1.5205,-3.1422,-6.2500,1.8069,0.2023,-1.5167
437,45.77,0,0.567,-0.2758,-0.07,0.034,-0.9883,-0.2299,-3.1250,1.8650,0.3985,-1.1967
438,45.86,0,0.589,-0.2887,-0.07,0.195,-0.6842,-1.9160,-5.7165,1.6740,0.3709,-1.1766
439,45.96,0,0.610,-0.3130,-0.07,0.289,0.9123,-5.4414,-4.8780,2.1567,0.6530,-0.6494
440,46.07,0,0.629,-0.3294,-0.07,0.157,-3.6491,0.1533,-4.6494,1.6496,0.4169,-1.1626
441,46.16,0,0.647,-0.3391,-0.08,0.088,0.0000,-1.5328,-6.4787,1.6435,0.5610,-0.6803
442,46.26,0,0.660,-0.2750,-0.06,-0.698,-0.9883,-1.1496,-5.8689,1.8909,0.4721,-0.8797
443,46.36,0,0.671,-0.1982,-0.04,-0.856,-0.3041,2.2992,-6.4787,1.4449,0.6009,-0.6061
444,46.45,0,0.664,-0.2119,0.13,0.093,0.2281,1.9160,-7.3171,1.5916,0.5917,-0.5844
445,46.55,0,0.636,-0.1985,0.35,-0.172,0.0000,1.6094,-7.6220,1.7015,0.3863,-0.8905
446,46.64,0,0.597,-0.1663,0.46,-0.377,0.5322,1.3029,-7.6220,1.6954,0.4139,-0.6555
447,46.74,0,0.573,-0.1341,0.31,-0.382,1.5205,1.4562,-8.9177,1.6023,0.2912,-0.7993
448,46.84,0,0.560,-0.1158,0.21,-0.236,-0.3801,0.3066,-6.7835,1.9750,0.1364,-0.8565
449,46.93,0,0.554,-0.1004,0.15,-0.209,-0.0760,3.0656,-4.7256,1.6985,0.1747,-0.7019
450,47.03,0,0.557,-0.0917,0.07,-0.139,2.2047,-1.3029,-7.8506,1.8787,0.2851,-0.6339
451,47.12,0,0.564,-0.0882,0.03,-0.080,-1.6725,0.4598,-7.0884,1.8894,-0.0245,-1.1858
452,47.22,0,0.574,-0.0902,-0.01,-0.022,1.6725,0.6898,-7.5457,1.6954,0.2805,-0.5087
453,47.32,0,0.585,-0.0923,-0.03,-0.022,-0.9123,1.2262,-7.0884,1.7474,0.0261,-0.9818
454,47.41,0,0.597,-0.0972,-0.04,0.010,1.0643,1.6861,-6.1738,1.5748,0.1993,-0.6045
455,47.51,0,0.608,-0.1067,-0.04,0.053,0.2281,3.0656,-6.4024,1.4236,0.1931,-0.6710
456,47.60,0,0.610,-0.0812,0.04,-0.310,-0.6842,3.3722,-7.0122,1.4770,0.1732,-0.6030
457,47.70,0,0.586,-0.0786,0.30,-0.075,-0.6842,4.2152,-7.8506,1.4556,0.1165,-0.7313
458,47.80,0,0.550,-0.1160,0.42,0.347,-0.6842,5.2882,-7.1646,1.4663,0.1134,-0.5983
459,47.89,0,0.524,-0.1308,0.33,0.120,-0.7602,1.9160,-8.4604,1.6542,0.1165,-0.6385
460,47.99,0,0.507,-0.1399,0.23,0.058,1.3684,3.9086,-7.4695,1.4633,0.2131,-0.5133
461,48.08,0,0.498,-0.1534,0.16,0.107,-0.3041,0.0766,-9.4512,1.5855,0.1334,-0.7854
462,48.18,0,0.496,-0.1624,0.10,0.062,0.0000,2.9123,-6.3262,1.5748,0.1732,-0.5937
463,48.27,0,0.498,-0.1678,0.07,0.023,-1.1403,3.6021,-5.7165,1.4892,0.0874,-0.8905
464,48.37,0,0.506,-0.1747,0.03,0.023,-0.3041,-0.3066,-7.7744,1.6206,0.0935,-0.9864
465,48.47,0,0.519,-0.1765,-0.02,-0.037,-2.2807,0.8430,-4.9543,1.6206,0.0123,-1.2152
466,48.56,0,0.536,-0.1753,-0.06,-0.074,1.0643,-2.1459,-9.6799,1.7122,0.3479,-0.8333
467,48.66,0,0.552,-0.1683,-0.06,-0.138,-1.5205,1.3795,-5.8689,1.7687,0.2054,-0.9153
468,48.75,0,0.569,-0.1461,-0.08,-0.304,0.3041,0.6131,-6.4024,1.7229,0.3525,-0.3216
469,48.87,0,0.587,-0.1411,-0.07,-0.125,0.9123,1.8394,-7.6220,1.7901,0.4139,-0.2845
470,48.96,0,0.602,-0.0879,-0.08,-0.630,1.2924,3.7554,-8.3841,1.5717,0.4859,-0.3092
471,49.06,0,0.617,-0.0840,-0.09,-0.112,1.1403,4.8283,-6.8598,1.5870,0.4231,-0.2242
472,49.15,0,0.618,-0.0208,0.02,-0.710,1.7485,3.6787,-7.4695,1.6130,0.5135,0.1500
473,49.25,0,0.591,0.0199,0.31,-0.482,1.9006,3.0656,-7.4695,1.4908,0.5242,0.1546
474,49.35,0,0.548,0.0518,0.46,-0.392,0.5322,3.5254,-6.0976,1.2922,0.4077,0.2010
475,49.44,0,0.514,0.0722,0.39,-0.257,0.7602,1.6861,-5.6402,1.3869,0.3004,0.3664
476,49.55,0,0.492,0.0806,0.23,-0.118,-0.3801,1.2262,-3.7348,0.9760,0.1778,0.1299
477,49.65,0,0.479,0.0942,0.20,-0.188,0.8362,-0.8430,-5.1829,0.5575,0.1701,-0.0263
478,49.75,0,0.472,0.1003,0.14,-0.101,-3.0409,-1.3029,2.3628,0.5804,0.0337,-0.1500
479,49.84,0,0.470,0.1094,0.10,-0.143,1.2924,-2.1459,1.4482,0.3116,0.1364,0.1592
480,49.94,0,0.470,0.1210,0.10,-0.162,0.1520,0.0766,0.3811,0.2658,0.0766,-0.0232
481,50.03,0,0.457,0.1352,0.25,-0.190,-0.5322,-1.5328,-0.4573,0.5514,-0.0322,-0.2350
482,50.13,0,0.438,0.0919,0.32,0.408,-0.0760,-3.6787,-0.6098,0.4048,0.0843,-0.1994
483,50.24,0,0.434,0.0513,0.16,0.324,0.8362,-7.1275,-0.6098,0.6797,0.1594,-0.1144
484,50.34,0,0.438,0.0208,0.12,0.288,-0.6842,-4.9050,0.4573,0.8004,-0.0414,-0.2783
485,50.43,0,0.451,0.0109,0.04,0.072,0.0000,-7.5107,0.8384,0.8920,0.2131,0.0294
486,50.53,0,0.469,0.0055,-0.02,0.021,1.2924,-6.8976,0.0762,0.7271,0.0858,-0.1036
487,50.62,0,0.492,-0.0051,-0.06,0.072,0.0760,-2.9123,2.2104,0.2047,0.0812,-0.0649
488,50.72,0,0.519,-0.0069,-0.10,-0.019,1.2164,-3.1422,-1.1433,0.0810,-0.0245,0.0356
489,50.82,0,0.548,-0.0013,-0.12,-0.101,1.4444,-3.0656,0.6098,0.1512,0.0828,0.2798
490,50.93,0,0.574,0.0111,-0.10,-0.158,0.6082,-3.2189,1.0671,0.2627,0.0613,0.0850
491,51.02,0,0.599,0.0151,-0.12,-0.087,-0.0760,-3.4488,-0.3811,0.1604,0.0460,0.0046
492,51.12,0,0.620,0.0318,-0.11,-0.218,1.0643,-3.3722,1.0671,0.1039,0.1226,0.2381
493,51.22,0,0.640,0.0498,-0.11,-0.232,-0.2281,-0.8430,1.7530,0.1023,0.0874,0.1453
494,51.31,0,0.656,0.0656,-0.10,-0.208,0.0000,0.1533,2.8963,0.0000,0.0521,0.1469
495,51.41,0,0.669,0.0594,-0.07,0.024,-0.3801,-1.6861,0.6860,0.0657,0.0337,0.0572
496,51.50,0,0.676,0.0608,-0.03,-0.054,0.7602,-1.6861,0.0762,0.0871,0.0276,0.0062
497,51.60,0,0.680,0.0722,0.00,-0.155,-1.2164,-0.5365,0.6860,0.0153,0.0521,0.0680
498,51.70,0,0.682,0.0836,0.01,-0.155,0.3041,-1.3795,-0.2287,0.0901,0.0736,0.0773
499,51.79,0,0.681,0.0871,0.02,-0.069,-0.2281,-1.1496,0.0000,0.0351,0.0429,0.0201
500,51.89,0,0.681,0.0906,0.02,-0.069,-0.5322,0.0766,0.5335,-0.0107,0.0582,0.0495
501,51.98,0,0.680,0.0921,0.04,-0.046,-0.0760,-0.7664,0.3811,0.0916,0.0368,0.0046
502,52.08,0,0.678,0.0905,0.04,-0.014,-0.3041,-0.3066,0.1524,0.0076,0.0414,0.0201
503,52.17,0,0.677,0.0866,0.04,0.012,0.2281,-0.0766,0.1524,0.0473,0.0337,0.0201
504,52.27,0,0.677,0.0875,0.02,-0.038,-0.6082,1.4562,1.2195,0.0565,0.0123,0.0325
505,52.37,0,0.676,0.0906,0.03,-0.062,-0.7602,0.8430,0.8384,0.0015,0.0276,0.0325
506,52.46,0,0.676,0.0978,0.02,-0.103,-0.2281,-0.2299,1.2195,0.0382,0.0245,0.0402
507,52.56,0,0.676,0.1066,0.02,-0.122,-0.6842,0.9963,1.4482,0.0412,0.0261,0.0356
508,52.65,0,0.677,0.1141,0.01,-0.105,-0.0760,0.1533,1.0671,0.0244,0.0184,0.0108
509,52.75,0,0.678,0.1199,0.01,-0.084,0.3041,0.0766,0.1524,0.0290,0.0383,0.0371
510,52.85,0,0.680,0.1215,-0.00,-0.035,0.8362,0.0766,0.0000,0.0382,0.0107,0.0108
511,52.94,0,0.683,0.1209,-0.01,-0.010,0.0760,-0.2299,-0.4573,0.0611,0.0521,0.0433
512,53.04,0,0.688,0.1029,-0.03,0.173,-0.8362,1.3795,1.1433,-0.0092,0.0061,0.0294
513,53.13,0,0.692,0.1071,-0.02,-0.057,-0.6842,-0.3066,1.6006,0.0412,0.0169,0.0495
514,53.23,0,0.696,0.1113,-0.03,-0.057,1.1403,0.1533,0.0000,0.0214,0.0307,0.0464
515,53.33,0,0.698,0.1169,-0.02,-0.077,0.7602,0.3066,0.3049,0.0122,0.0383,0.0309
516,53.42,0,0.700,0.1250,-0.02,-0.093,-0.3801,0.7664,0.9909,0.0489,0.0184,0.0340
517,53.52,0,0.701,0.1305,-0.01,-0.065,-0.9123,-0.0766,2.5152,0.0092,0.0107,0.0232
518,53.61,0,0.701,0.1325,0.00,-0.021,0.2281,-0.6131,0.0762,0.0290,0.0307,0.0232
519,53.73,0,0.701,0.1343,-0.00,-0.015,0.3801,0.9197,1.5244,0.0305,0.0215,0.0402
520,53.82,0,0.701,0.1356,0.01,-0.010,-0.8362,1.2262,2.3628,0.0305,0.0046,0.0263
521,53.92,0,0.700,0.1318,0.01,0.044,0.4561,1.6861,1.3720,0.0199,0.0184,0.0433
522,54.01,0,0.700,0.1323,-0.00,0.003,0.6082,-1.2262,-0.3811,0.0382,0.0445,0.0340
523,54.11,0,0.700,0.1302,0.00,0.031,0.7602,-1.6094,0.4573,0.0290,0.0414,0.0278
524,54.20,0,0.701,0.1321,-0.01,-0.005,0.4561,-0.3066,0.3811,0.0351,0.0276,0.0170
525,54.30,0,0.701,0.1318,-0.01,0.017,-0.4561,-0.6131,1.1433,0.0321,0.0307,0.0356
526,54.41,0,0.702,0.1335,-0.00,-0.000,0.6842,0.4598,1.2957,0.0260,0.0199,0.0371
527,54.51,0,0.702,0.1325,-0.01,0.029,1.1403,-0.0766,1.2195,0.0244,0.0261,0.0216
528,54.60,0,0.703,0.1332,-0.01,0.013,0.6842,0.9197,0.9909,0.0260,0.0199,0.0402
529,54.70,0,0.704,0.1335,-0.01,0.022,0.7602,-0.0766,0.6860,0.0290,0.0184,0.0232
530,54.80,0,0.705,0.1337,-0.01,0.025,-0.0760,0.9197,0.7622,0.0199,0.0215,0.0278
531,54.89,0,0.706,0.1337,-0.01,0.032,0.4561,0.1533,0.6860,0.0305,0.0307,0.0402
532,54.99,0,0.707,0.1316,-0.01,0.054,1.4444,0.6131,1.1433,0.0244,0.0184,0.0309
533,55.10,0,0.708,0.1275,-0.01,0.074,0.5322,-0.0766,0.6098,0.0168,0.0276,0.0371
534,55.20,0,0.709,0.1220,-0.02,0.094,0.3041,0.3066,0.6098,0.0321,0.0230,0.0232
535,55.29,0,0.709,0.1176,-0.01,0.084,0.3041,0.4598,0.9909,0.0321,0.0276,0.0479
536,55.39,0,0.710,0.1152,-0.01,0.064,0.3801,-0.0766,0.1524,0.0229,0.0337,0.0340
537,55.48,0,0.710,0.1117,-0.01,0.075,-0.6082,0.2299,0.7622,0.0168,0.0215,0.0232
538,55.58,0,0.711,0.1117,-0.01,0.040,0.3801,0.3066,1.7530,0.0290,0.0138,0.0433
539,55.68,0,0.710,0.1100,-0.01,0.058,0.6082,1.2262,0.9146,0.0275,0.0276,0.0340
540,55.77,0,0.710,0.1116,-0.01,0.025,0.3801,0.0766,0.6098,0.0199,0.0307,0.0371
541,55.87,0,0.710,0.1107,-0.01,0.052,-0.2281,0.1533,1.0671,0.0199,0.0230,0.0309
542,55.96,0,0.709,0.1107,-0.00,0.041,-0.4561,-0.5365,1.6006,0.0168,0.0184,0.0186
543,56.06,0,0.709,0.1113,-0.00,0.034,0.4561,0.0766,0.3049,0.0168,0.0307,0.0278
544,56.15,0,0.710,0.1116,-0.01,0.039,0.2281,0.0766,0.7622,0.0275,0.0261,0.0232
545,56.25,0,0.710,0.1098,-0.01,0.060,0.0760,-0.0766,0.7622,0.0092,0.0169,0.0232
546,56.35,0,0.710,0.1090,-0.01,0.047,0.1520,1.8394,0.8384,0.0076,0.0307,0.0541
547,56.44,0,0.710,0.1086,-0.01,0.044,-0.0760,-1.3029,0.0000,0.0412,0.0399,0.0201
548,56.54,0,0.710,0.1101,-0.01,0.027,-0.3041,-1.2262,-0.0762,0.0214,0.0429,0.0247
549,56.63,0,0.709,0.1174,0.00,-0.035,-0.5322,-0.5365,0.6098,0.0046,0.0215,0.0448
550,56.73,0,0.708,0.0985,0.00,0.238,0.3801,-0.4598,-0.1524,0.0321,0.0445,0.0309
551,56.83,0,0.706,0.1110,0.01,-0.087,0.6842,-1.2262,0.3049,0.0321,0.0383,0.0093
552,56.92,0,0.704,0.1174,0.01,-0.019,0.6082,-1.4562,-0.2287,0.0183,0.0307,0.0278
553,57.02,0,0.701,0.1177,0.02,0.031,0.8362,0.6131,0.7622,0.0305,0.0337,0.0464
554,57.11,0,0.700,0.1133,0.01,0.093,0.5322,-0.9197,0.1524,0.0458,0.0582,0.0247
555,57.21,0,0.699,0.0808,0.01,0.383,0.0000,-0.4598,0.8384,0.0168,0.0061,-0.0093
556,57.31,0,0.698,0.0889,0.01,-0.037,0.6842,1.0730,0.6860,0.0275,0.0230,0.0603
557,57.40,0,0.697,0.0892,0.01,0.026,0.0000,0.0000,0.4573,0.0122,0.0230,0.0309
558,57.50,0,0.697,0.0626,-0.00,0.310,0.7602,-0.5365,1.1433,0.0321,0.0307,0.0046
559,57.59,0,0.698,0.0498,-0.00,0.177,-0.1520,0.9963,1.9817,0.0321,0.0046,0.0309
560,57.69,0,0.698,0.0313,-0.00,0.230,-0.8362,0.3832,1.6768,0.0000,0.0123,0.0387
561,57.79,0,0.699,0.0329,-0.01,0.015,0.6842,0.0000,0.6098,0.0214,0.0307,0.0278
562,57.90,0,0.700,0.0356,-0.01,0.001,0.0760,-0.3832,0.8384,0.0321,0.0276,0.0309
563,57.99,0,0.701,0.0381,-0.01,0.002,0.0000,-0.3832,0.3811,0.0275,0.0383,0.0603
564,58.09,0,0.701,0.0482,-0.01,-0.081,-0.6842,0.3832,1.1433,0.0260,0.0169,0.0325
565,58.18,0,0.701,0.0594,-0.00,-0.090,-0.0760,-0.2299,0.7622,0.0199,0.0199,0.0170
566,58.28,0,0.701,0.0566,0.00,0.057,-0.2281,-1.0730,0.8384,0.0107,0.0429,0.0711
567,58.38,0,0.701,0.0593,0.01,0.003,0.4561,0.0766,1.6006,0.0321,0.0153,0.0278
568,58.47,0,0.701,0.0632,-0.00,-0.008,0.3041,0.1533,0.8384,0.0290,0.0169,0.0201
569,58.58,0,0.701,0.0614,-0.00,0.049,-0.6842,0.2299,1.3720,0.0015,0.0276,0.0387
570,58.68,0,0.700,0.0581,0.00,0.066,-0.5322,0.5365,0.3049,0.0244,0.0153,0.0093
571,58.78,0,0.700,0.0732,0.00,-0.128,0.0760,1.2262,1.6768,0.0351,0.0153,0.0371
572,58.87,0,0.700,0.0578,-0.00,0.190,0.0760,-0.2299,0.9909,0.0275,0.0276,0.0139
573,58.97,0,0.701,0.0400,-0.01,0.216,0.6082,0.0000,-0.2287,0.0275,0.0399,0.0278
574,59.06,0,0.701,0.0227,-0.00,0.216,-0.5322,-0.9963,0.4573,0.0076,0.0337,0.0325
575,59.16,0,0.701,0.0138,0.00,0.123,0.1520,0.4598,0.8384,0.0428,0.0276,0.0278
576,59.27,0,0.700,0.0105,0.00,0.047,0.9883,-1.2262,-0.2287,0.0275,0.0414,0.0247
577,59.37,0,0.700,0.0138,0.00,-0.017,0.2281,-1.1496,0.0000,0.0275,0.0337,0.0309
578,59.46,0,0.699,0.0216,0.01,-0.067,-0.1520,0.0766,0.3049,0.0260,0.0230,0.0278
579,59.56,0,0.699,0.0305,0.00,-0.078,0.0760,0.0000,1.5244,0.0244,0.0169,0.0464
580,59.66,0,0.698,0.0267,0.01,0.057,-0.1520,0.4598,0.9146,0.0321,0.0184,0.0186
581,59.75,0,0.698,0.0369,0.00,-0.084,-0.6082,0.5365,1.5244,0.0168,0.0199,0.0325
582,59.85,0,0.698,0.0330,0.01,0.059,-0.6842,-0.8430,0.0762,0.0351,0.0276,0.0325
583,59.94,0,0.698,0.0346,0.00,0.002,0.5322,-0.7664,0.1524,0.0321,0.0460,0.0309
584,60.04,0,0.698,0.0414,-0.01,-0.050,0.1520,0.3066,1.7530,0.0168,0.0138,0.0309
585,60.14,0,0.699,0.0404,-0.00,0.027,0.6082,-0.2299,0.7622,0.0321,0.0337,0.0433
586,60.23,0,0.699,0.0306,0.00,0.123,-0.3801,-0.8430,0.5335,0.0153,0.0199,0.0186
587,61.97,0,0.699,0.0082,-0.00,-0.000,-0.6842,0.3832,0.0000,0.0107,0.0169,0.0356
